Id,Nome,Telefone,Email
1,John Doe,(123) 456-7890,john.doe@example.com
2,Jane Smith,(987) 654-3210,jane.smith@example.com
3,Robert Johnson,(555) 123-4567,robert.johnson@example.com
4,Emily Davis,(444) 789-0123,emily.davis@example.com
5,Michael Brown,(222) 333-4444,michael.brown@example.com
6,Alice White,(111) 222-3333,alice.white@example.com
7,David Miller,(999) 888-7777,david.miller@example.com
8,Olivia Wilson,(777) 666-5555,olivia.wilson@example.com
9,Liam Harris,(666) 555-4444,liam.harris@example.com
10,Sophia Martinez,(333) 222-1111,sophia.martinez@example.com
11,Ethan Davis,(555) 111-2222,ethan.davis@example.com
12,Emma Jackson,(444) 222-3333,emma.jackson@example.com
13,Noah Taylor,(888) 999-0000,noah.taylor@example.com
14,Mia Thomas,(777) 000-1111,mia.thomas@example.com
15,James Anderson,(111) 222-3333,james.anderson@example.com
16,Ava Moore,(666) 555-4444,ava.moore@example.com
17,Lucas Williams,(555) 111-2222,lucas.williams@example.com
18,Sophie Johnson,(777) 000-1111,sophie.johnson@example.com
19,Benjamin Davis,(999) 888-7777,benjamin.davis@example.com
20,Amelia Smith,(444) 789-0123,amelia.smith@example.com
21,Alexander Brown,(333) 222-1111,alexander.brown@example.com
22,Ella Garcia,(111) 222-3333,ella.garcia@example.com
23,Logan Moore,(555) 123-4567,logan.moore@example.com
24,Lily Taylor,(666) 555-4444,lily.taylor@example.com
25,Carter Harris,(777) 666-5555,carter.harris@example.com
26,Grace Anderson,(999) 888-7777,grace.anderson@example.com
27,Leo Wilson,(111) 222-3333,leo.wilson@example.com
28,Scarlett Miller,(444) 222-3333,scarlett.miller@example.com
29,Luke Martinez,(888) 999-0000,luke.martinez@example.com
30,Zoe Harris,(555) 111-2222,zoe.harris@example.com
31,Jack Smith,(777) 666-5555,jack.smith@example.com
32,Abigail Davis,(111) 222-3333,abigail.davis@example.com
33,Owen White,(555) 123-4567,owen.white@example.com
34,Aria Jackson,(444) 789-0123,aria.jackson@example.com
35,Max Anderson,(222) 333-4444,max.anderson@example.com
36,Nora Taylor,(111) 222-3333,nora.taylor@example.com
37,Caleb Wilson,(777) 666-5555,caleb.wilson@example.com
38,Ellie Garcia,(666) 555-4444,ellie.garcia@example.com
39,Henry Davis,(333) 222-1111,henry.davis@example.com
40,Penelope Moore,(444) 222-3333,penelope.moore@example.com
41,Stella Brown,(555) 123-4567,stella.brown@example.com
42,Grayson Harris,(222) 333-4444,grayson.harris@example.com
43,Hazel Taylor,(111) 222-3333,hazel.taylor@example.com
44,Liam Davis,(555) 123-4567,liam.davis@example.com
45,Chloe White,(444) 789-0123,chloe.white@example.com
46,Elijah Jackson,(555) 111-2222,elijah.jackson@example.com
47,Ava Thomas,(444) 222-3333,ava.thomas@example.com
48,Samuel Harris,(666) 555-4444,samuel.harris@example.com
49,Sophie Davis,(111) 222-3333,sophie.davis@example.com
50,Aiden Martinez,(777) 666-5555,aiden.martinez@example.com
